{"stats":{"minecraft:used":{"minecraft:oak_planks":4,"minecraft:dirt":1},"minecraft:mined":{"minecraft:grass_block":2,"minecraft:oak_log":1,"minecraft:oak_leaves":2,"minecraft:dirt":1},"minecraft:crafted":{"minecraft:oak_planks":4},"minecraft:custom":{"minecraft:jump":19,"minecraft:time_since_rest":1189,"minecraft:leave_game":1,"minecraft:sprint_one_cm":335,"minecraft:play_time":1189,"minecraft:time_since_death":1189,"minecraft:walk_one_cm":5501,"minecraft:total_world_time":1189,"minecraft:fly_one_cm":675},"minecraft:picked_up":{"minecraft:stick":1,"minecraft:oak_log":1,"minecraft:dirt":3}},"DataVersion":3465}