{"stats":{"minecraft:used":{"minecraft:crafting_table":1},"minecraft:picked_up":{"minecraft:spruce_log":1},"minecraft:crafted":{"minecraft:crafting_table":1,"minecraft:spruce_planks":4},"minecraft:mined":{"minecraft:spruce_log":1},"minecraft:custom":{"minecraft:jump":63,"minecraft:time_since_rest":4239,"minecraft:leave_game":1,"minecraft:crouch_one_cm":79,"minecraft:sprint_one_cm":4055,"minecraft:play_time":4239,"minecraft:time_since_death":4239,"minecraft:walk_one_cm":10274,"minecraft:sneak_time":7,"minecraft:total_world_time":4239,"minecraft:interact_with_crafting_table":1,"minecraft:fall_one_cm":1939,"minecraft:fly_one_cm":16501}},"DataVersion":3465}